measure,location,gender,age,cause,metric,year,val
Deaths,Lebanon,Male,15-19 years,Total cancers,Number,2000,10.202946260783500
Deaths,Lebanon,Female,15-19 years,Total cancers,Number,2000,6.849811717442740
Deaths,Lebanon,Male,15-19 years,Total cancers,Rate,2000,5.641393678265770
Deaths,Lebanon,Female,15-19 years,Total cancers,Rate,2000,4.186297508910080
Deaths,Lebanon,Male,55-59 years,Total cancers,Number,2000,129.80332994759100
Deaths,Lebanon,Female,55-59 years,Total cancers,Number,2000,133.26550996340300
Deaths,Lebanon,Male,55-59 years,Total cancers,Rate,2000,202.5340180377170
Deaths,Lebanon,Female,55-59 years,Total cancers,Rate,2000,191.705257044324
Deaths,Lebanon,Male,60-64 years,Total cancers,Number,2000,203.87873888163100
Deaths,Lebanon,Female,60-64 years,Total cancers,Number,2000,176.72285063091800
Deaths,Lebanon,Male,60-64 years,Total cancers,Rate,2000,332.4205975951140
Deaths,Lebanon,Female,60-64 years,Total cancers,Rate,2000,276.24007922153800
Deaths,Lebanon,Male,65-74 years,Total cancers,Number,2000,664.488785975883
Deaths,Lebanon,Female,65-74 years,Total cancers,Number,2000,429.37462606766700
Deaths,Lebanon,Male,65-74 years,Total cancers,Rate,2000,681.6954082832000
Deaths,Lebanon,Female,65-74 years,Total cancers,Rate,2000,475.8873972784310
Deaths,Lebanon,Male,20-54 years,Total cancers,Number,2000,212.94695827249200
Deaths,Lebanon,Female,20-54 years,Total cancers,Number,2000,309.9431907389690
Deaths,Lebanon,Male,20-54 years,Total cancers,Rate,2000,28.375193250931100
Deaths,Lebanon,Female,20-54 years,Total cancers,Rate,2000,37.79403966463680
Deaths,Lebanon,Male,15-19 years,Total cancers,Number,2004,10.235160203839000
Deaths,Lebanon,Female,15-19 years,Total cancers,Number,2004,6.487427955210770
Deaths,Lebanon,Male,15-19 years,Total cancers,Rate,2004,5.4578720499195
Deaths,Lebanon,Female,15-19 years,Total cancers,Rate,2004,3.7764549257195400
Deaths,Lebanon,Male,55-59 years,Total cancers,Number,2004,157.86205548882100
Deaths,Lebanon,Female,55-59 years,Total cancers,Number,2004,147.33433790734500
Deaths,Lebanon,Male,55-59 years,Total cancers,Rate,2004,231.95197674443600
Deaths,Lebanon,Female,55-59 years,Total cancers,Rate,2004,199.43887720885000
Deaths,Lebanon,Male,60-64 years,Total cancers,Number,2004,239.69675427968400
Deaths,Lebanon,Female,60-64 years,Total cancers,Number,2004,199.5023890522770
Deaths,Lebanon,Male,60-64 years,Total cancers,Rate,2004,377.94391903465300
Deaths,Lebanon,Female,60-64 years,Total cancers,Rate,2004,289.79678496358400
Deaths,Lebanon,Male,65-74 years,Total cancers,Number,2004,847.9359245317720
Deaths,Lebanon,Female,65-74 years,Total cancers,Number,2004,529.8523632929370
Deaths,Lebanon,Male,65-74 years,Total cancers,Rate,2004,787.4229078068210
Deaths,Lebanon,Female,65-74 years,Total cancers,Rate,2004,509.13714376941100
Deaths,Lebanon,Male,20-54 years,Total cancers,Number,2004,247.6496926159970
Deaths,Lebanon,Female,20-54 years,Total cancers,Number,2004,334.1431692014080
Deaths,Lebanon,Male,20-54 years,Total cancers,Rate,2004,30.2266644050067
Deaths,Lebanon,Female,20-54 years,Total cancers,Rate,2004,37.089906697562600
Deaths,Lebanon,Male,15-19 years,Total cancers,Number,2001,10.153283840097900
Deaths,Lebanon,Female,15-19 years,Total cancers,Number,2001,6.740659972135780
Deaths,Lebanon,Male,15-19 years,Total cancers,Rate,2001,5.558716323767600
Deaths,Lebanon,Female,15-19 years,Total cancers,Rate,2001,4.06160416221209
Deaths,Lebanon,Male,55-59 years,Total cancers,Number,2001,135.41598659246800
Deaths,Lebanon,Female,55-59 years,Total cancers,Number,2001,138.448028271826
Deaths,Lebanon,Male,55-59 years,Total cancers,Rate,2001,206.37542080773000
Deaths,Lebanon,Female,55-59 years,Total cancers,Rate,2001,193.88202556048300
Deaths,Lebanon,Male,60-64 years,Total cancers,Number,2001,210.33980416614100
Deaths,Lebanon,Female,60-64 years,Total cancers,Number,2001,182.87225347375300
Deaths,Lebanon,Male,60-64 years,Total cancers,Rate,2001,339.57516769223400
Deaths,Lebanon,Female,60-64 years,Total cancers,Rate,2001,280.4143320812120
Deaths,Lebanon,Male,65-74 years,Total cancers,Number,2001,707.4852641981730
Deaths,Lebanon,Female,65-74 years,Total cancers,Number,2001,453.5025605449100
Deaths,Lebanon,Male,65-74 years,Total cancers,Rate,2001,702.7328630506770
Deaths,Lebanon,Female,65-74 years,Total cancers,Rate,2001,484.02715227806300
Deaths,Lebanon,Male,20-54 years,Total cancers,Number,2001,218.85475386032300
Deaths,Lebanon,Female,20-54 years,Total cancers,Number,2001,316.2831758521180
Deaths,Lebanon,Male,20-54 years,Total cancers,Rate,2001,28.46665443427690
Deaths,Lebanon,Female,20-54 years,Total cancers,Rate,2001,37.671715519402100
Deaths,Lebanon,Male,15-19 years,Total cancers,Number,2003,9.984106616793170
Deaths,Lebanon,Female,15-19 years,Total cancers,Number,2003,6.601333770605140
Deaths,Lebanon,Male,15-19 years,Total cancers,Rate,2003,5.385430852355790
Deaths,Lebanon,Female,15-19 years,Total cancers,Rate,2003,3.886662104524640
Deaths,Lebanon,Male,55-59 years,Total cancers,Number,2003,150.83069768464700
Deaths,Lebanon,Female,55-59 years,Total cancers,Number,2003,151.1568608127550
Deaths,Lebanon,Male,55-59 years,Total cancers,Rate,2003,222.53714751437800
Deaths,Lebanon,Female,55-59 years,Total cancers,Rate,2003,204.95827279609100
Deaths,Lebanon,Male,60-64 years,Total cancers,Number,2003,230.34679965481600
Deaths,Lebanon,Female,60-64 years,Total cancers,Number,2003,201.0509063068390
Deaths,Lebanon,Male,60-64 years,Total cancers,Rate,2003,366.5638894874260
Deaths,Lebanon,Female,60-64 years,Total cancers,Rate,2003,298.1430055711350
Deaths,Lebanon,Male,65-74 years,Total cancers,Number,2003,807.0512336498040
Deaths,Lebanon,Female,65-74 years,Total cancers,Number,2003,519.0609980034290
Deaths,Lebanon,Male,65-74 years,Total cancers,Rate,2003,762.581589396732
Deaths,Lebanon,Female,65-74 years,Total cancers,Rate,2003,515.6620699296070
Deaths,Lebanon,Male,20-54 years,Total cancers,Number,2003,233.4433155260930
Deaths,Lebanon,Female,20-54 years,Total cancers,Number,2003,335.25643205189100
Deaths,Lebanon,Male,20-54 years,Total cancers,Rate,2003,29.140776791582200
Deaths,Lebanon,Female,20-54 years,Total cancers,Rate,2003,38.16158789483040
Deaths,Lebanon,Male,15-19 years,Total cancers,Number,2006,10.630091930291000
Deaths,Lebanon,Female,15-19 years,Total cancers,Number,2006,6.405095999927790
Deaths,Lebanon,Male,15-19 years,Total cancers,Rate,2006,5.520868743123240
Deaths,Lebanon,Female,15-19 years,Total cancers,Rate,2006,3.66331086216223
Deaths,Lebanon,Male,55-59 years,Total cancers,Number,2006,170.87959244160400
Deaths,Lebanon,Female,55-59 years,Total cancers,Number,2006,151.74135803385200
Deaths,Lebanon,Male,55-59 years,Total cancers,Rate,2006,242.10099922802500
Deaths,Lebanon,Female,55-59 years,Total cancers,Rate,2006,196.0327954352300
Deaths,Lebanon,Male,60-64 years,Total cancers,Number,2006,258.2578895163420
Deaths,Lebanon,Female,60-64 years,Total cancers,Number,2006,206.70381575073500
Deaths,Lebanon,Male,60-64 years,Total cancers,Rate,2006,392.52667927272200
Deaths,Lebanon,Female,60-64 years,Total cancers,Rate,2006,285.043703958222
Deaths,Lebanon,Male,65-74 years,Total cancers,Number,2006,897.6311053013870
Deaths,Lebanon,Female,65-74 years,Total cancers,Number,2006,559.9746785595160
Deaths,Lebanon,Male,65-74 years,Total cancers,Rate,2006,815.4772515400020
Deaths,Lebanon,Female,65-74 years,Total cancers,Rate,2006,507.2569647580080
Deaths,Lebanon,Male,20-54 years,Total cancers,Number,2006,271.4745276349240
Deaths,Lebanon,Female,20-54 years,Total cancers,Number,2006,350.34621141955900
Deaths,Lebanon,Male,20-54 years,Total cancers,Rate,2006,31.567917641620000
Deaths,Lebanon,Female,20-54 years,Total cancers,Rate,2006,36.92504502315560
Deaths,Lebanon,Male,15-19 years,Total cancers,Number,2005,10.463834427004700
Deaths,Lebanon,Female,15-19 years,Total cancers,Number,2005,6.463639233620870
Deaths,Lebanon,Male,15-19 years,Total cancers,Rate,2005,5.506090829192540
Deaths,Lebanon,Female,15-19 years,Total cancers,Rate,2005,3.725660743375880
Deaths,Lebanon,Male,55-59 years,Total cancers,Number,2005,162.91122859067800
Deaths,Lebanon,Female,55-59 years,Total cancers,Number,2005,148.07507799820700
Deaths,Lebanon,Male,55-59 years,Total cancers,Rate,2005,239.37165588053300
Deaths,Lebanon,Female,55-59 years,Total cancers,Rate,2005,199.9241087394730
Deaths,Lebanon,Male,60-64 years,Total cancers,Number,2005,248.27816441454800
Deaths,Lebanon,Female,60-64 years,Total cancers,Number,2005,203.51487218529000
Deaths,Lebanon,Male,60-64 years,Total cancers,Rate,2005,386.39692364153400
Deaths,Lebanon,Female,60-64 years,Total cancers,Rate,2005,289.0387371098860
Deaths,Lebanon,Male,65-74 years,Total cancers,Number,2005,877.2496026001810
Deaths,Lebanon,Female,65-74 years,Total cancers,Number,2005,547.2999290465820
Deaths,Lebanon,Male,65-74 years,Total cancers,Rate,2005,803.899753781946
Deaths,Lebanon,Female,65-74 years,Total cancers,Rate,2005,509.68566017563200
Deaths,Lebanon,Male,20-54 years,Total cancers,Number,2005,262.88110767994800
Deaths,Lebanon,Female,20-54 years,Total cancers,Number,2005,346.8512994367420
Deaths,Lebanon,Male,20-54 years,Total cancers,Rate,2005,31.29008343540170
Deaths,Lebanon,Female,20-54 years,Total cancers,Rate,2005,37.471885401796
Deaths,Lebanon,Male,15-19 years,Total cancers,Number,2009,11.084732634472800
Deaths,Lebanon,Female,15-19 years,Total cancers,Number,2009,6.309184366297910
Deaths,Lebanon,Male,15-19 years,Total cancers,Rate,2009,5.547325879556340
Deaths,Lebanon,Female,15-19 years,Total cancers,Rate,2009,3.551025582023210
Deaths,Lebanon,Male,55-59 years,Total cancers,Number,2009,189.28831407760300
Deaths,Lebanon,Female,55-59 years,Total cancers,Number,2009,167.37181064335300
Deaths,Lebanon,Male,55-59 years,Total cancers,Rate,2009,246.261465605002
Deaths,Lebanon,Female,55-59 years,Total cancers,Rate,2009,185.13100667937800
Deaths,Lebanon,Male,60-64 years,Total cancers,Number,2009,273.96714988621100
Deaths,Lebanon,Female,60-64 years,Total cancers,Number,2009,205.23146054287200
Deaths,Lebanon,Male,60-64 years,Total cancers,Rate,2009,403.921140254451
Deaths,Lebanon,Female,60-64 years,Total cancers,Rate,2009,273.6582470271110
Deaths,Lebanon,Male,65-74 years,Total cancers,Number,2009,944.0476914758590
Deaths,Lebanon,Female,65-74 years,Total cancers,Number,2009,587.2506240325700
Deaths,Lebanon,Male,65-74 years,Total cancers,Rate,2009,830.8507933043290
Deaths,Lebanon,Female,65-74 years,Total cancers,Rate,2009,490.03627383804300
Deaths,Lebanon,Male,20-54 years,Total cancers,Number,2009,297.51442282251500
Deaths,Lebanon,Female,20-54 years,Total cancers,Number,2009,356.9530151481600
Deaths,Lebanon,Male,20-54 years,Total cancers,Rate,2009,31.825252768815700
Deaths,Lebanon,Female,20-54 years,Total cancers,Rate,2009,34.79694373479010
Deaths,Lebanon,Male,15-19 years,Total cancers,Number,2007,10.806186792359200
Deaths,Lebanon,Female,15-19 years,Total cancers,Number,2007,6.365494988065690
Deaths,Lebanon,Male,15-19 years,Total cancers,Rate,2007,5.524781022868020
Deaths,Lebanon,Female,15-19 years,Total cancers,Rate,2007,3.612375802219920
Deaths,Lebanon,Male,55-59 years,Total cancers,Number,2007,176.20563508972300
Deaths,Lebanon,Female,55-59 years,Total cancers,Number,2007,155.72357419542200
Deaths,Lebanon,Male,55-59 years,Total cancers,Rate,2007,242.59584912330500
Deaths,Lebanon,Female,55-59 years,Total cancers,Rate,2007,191.59793017083600
Deaths,Lebanon,Male,60-64 years,Total cancers,Number,2007,266.695355629328
Deaths,Lebanon,Female,60-64 years,Total cancers,Number,2007,209.53977416846000
Deaths,Lebanon,Male,60-64 years,Total cancers,Rate,2007,396.0100318499800
Deaths,Lebanon,Female,60-64 years,Total cancers,Rate,2007,281.22299188563700
Deaths,Lebanon,Male,65-74 years,Total cancers,Number,2007,911.6268733970820
Deaths,Lebanon,Female,65-74 years,Total cancers,Number,2007,569.2321242127320
Deaths,Lebanon,Male,65-74 years,Total cancers,Rate,2007,821.958004487368
Deaths,Lebanon,Female,65-74 years,Total cancers,Rate,2007,502.44450734009800
Deaths,Lebanon,Male,20-54 years,Total cancers,Number,2007,279.2632967617070
Deaths,Lebanon,Female,20-54 years,Total cancers,Number,2007,353.296978280372
Deaths,Lebanon,Male,20-54 years,Total cancers,Rate,2007,31.556027741213700
Deaths,Lebanon,Female,20-54 years,Total cancers,Rate,2007,36.2319214010123
Deaths,Lebanon,Male,15-19 years,Total cancers,Number,2008,10.988032697623700
Deaths,Lebanon,Female,15-19 years,Total cancers,Number,2008,6.3386375104469800
Deaths,Lebanon,Male,15-19 years,Total cancers,Rate,2008,5.536843026991120
Deaths,Lebanon,Female,15-19 years,Total cancers,Rate,2008,3.5740608485964600
Deaths,Lebanon,Male,55-59 years,Total cancers,Number,2008,183.55628633277400
Deaths,Lebanon,Female,55-59 years,Total cancers,Number,2008,162.36289266467000
Deaths,Lebanon,Male,55-59 years,Total cancers,Rate,2008,244.52885279075700
Deaths,Lebanon,Female,55-59 years,Total cancers,Rate,2008,188.21511415846400
Deaths,Lebanon,Male,60-64 years,Total cancers,Number,2008,271.8774051161350
Deaths,Lebanon,Female,60-64 years,Total cancers,Number,2008,208.7338162984540
Deaths,Lebanon,Male,60-64 years,Total cancers,Rate,2008,401.2434387372210
Deaths,Lebanon,Female,60-64 years,Total cancers,Rate,2008,278.41092193898500
Deaths,Lebanon,Male,65-74 years,Total cancers,Number,2008,929.4481186731700
Deaths,Lebanon,Female,65-74 years,Total cancers,Number,2008,579.8869244269540
Deaths,Lebanon,Male,65-74 years,Total cancers,Rate,2008,828.6063200484970
Deaths,Lebanon,Female,65-74 years,Total cancers,Rate,2008,497.84790714050000
Deaths,Lebanon,Male,20-54 years,Total cancers,Number,2008,288.3740189231410
Deaths,Lebanon,Female,20-54 years,Total cancers,Number,2008,355.0912709818570
Deaths,Lebanon,Male,20-54 years,Total cancers,Rate,2008,31.63004776444050
Deaths,Lebanon,Female,20-54 years,Total cancers,Rate,2008,35.44355951107650
Deaths,Lebanon,Male,15-19 years,Total cancers,Number,2013,12.197653043924500
Deaths,Lebanon,Female,15-19 years,Total cancers,Number,2013,6.1811730767331800
Deaths,Lebanon,Male,15-19 years,Total cancers,Rate,2013,5.888677032058760
Deaths,Lebanon,Female,15-19 years,Total cancers,Rate,2013,3.4831494716642300
Deaths,Lebanon,Male,55-59 years,Total cancers,Number,2013,195.46148915374600
Deaths,Lebanon,Female,55-59 years,Total cancers,Number,2013,164.79359541224100
Deaths,Lebanon,Male,55-59 years,Total cancers,Rate,2013,250.00819351076600
Deaths,Lebanon,Female,55-59 years,Total cancers,Rate,2013,182.40023890472300
Deaths,Lebanon,Male,60-64 years,Total cancers,Number,2013,303.29346424844600
Deaths,Lebanon,Female,60-64 years,Total cancers,Number,2013,225.8610326376380
Deaths,Lebanon,Male,60-64 years,Total cancers,Rate,2013,408.6526242727820
Deaths,Lebanon,Female,60-64 years,Total cancers,Rate,2013,259.28462054739600
Deaths,Lebanon,Male,65-74 years,Total cancers,Number,2013,996.1213525849430
Deaths,Lebanon,Female,65-74 years,Total cancers,Number,2013,616.7727660115580
Deaths,Lebanon,Male,65-74 years,Total cancers,Rate,2013,830.8148135438630
Deaths,Lebanon,Female,65-74 years,Total cancers,Rate,2013,467.58623167002900
Deaths,Lebanon,Male,20-54 years,Total cancers,Number,2013,351.61590145804700
Deaths,Lebanon,Female,20-54 years,Total cancers,Number,2013,410.57765991562300
Deaths,Lebanon,Male,20-54 years,Total cancers,Rate,2013,32.3478760747029
Deaths,Lebanon,Female,20-54 years,Total cancers,Rate,2013,35.17637778958530
Deaths,Lebanon,Male,15-19 years,Total cancers,Number,2011,11.27280003730360
Deaths,Lebanon,Female,15-19 years,Total cancers,Number,2011,6.2877485367517200
Deaths,Lebanon,Male,15-19 years,Total cancers,Rate,2011,5.710452089245550
Deaths,Lebanon,Female,15-19 years,Total cancers,Rate,2011,3.587528163169380
Deaths,Lebanon,Male,55-59 years,Total cancers,Number,2011,195.18710522009800
Deaths,Lebanon,Female,55-59 years,Total cancers,Number,2011,171.97252234819800
Deaths,Lebanon,Male,55-59 years,Total cancers,Rate,2011,251.26822972484700
Deaths,Lebanon,Female,55-59 years,Total cancers,Rate,2011,185.15376707977700
Deaths,Lebanon,Male,60-64 years,Total cancers,Number,2011,285.4308215184170
Deaths,Lebanon,Female,60-64 years,Total cancers,Number,2011,209.52423644890900
Deaths,Lebanon,Male,60-64 years,Total cancers,Rate,2011,408.4265701240610
Deaths,Lebanon,Female,60-64 years,Total cancers,Rate,2011,267.6380676400550
Deaths,Lebanon,Male,65-74 years,Total cancers,Number,2011,981.7324755965580
Deaths,Lebanon,Female,65-74 years,Total cancers,Number,2011,611.9342908219930
Deaths,Lebanon,Male,65-74 years,Total cancers,Rate,2011,839.3497190789600
Deaths,Lebanon,Female,65-74 years,Total cancers,Rate,2011,483.19658253684400
Deaths,Lebanon,Male,20-54 years,Total cancers,Number,2011,319.6333048271600
Deaths,Lebanon,Female,20-54 years,Total cancers,Number,2011,375.8063476798560
Deaths,Lebanon,Male,20-54 years,Total cancers,Rate,2011,33.11861685692340
Deaths,Lebanon,Female,20-54 years,Total cancers,Rate,2011,35.374416830685600
Deaths,Lebanon,Male,15-19 years,Total cancers,Number,2010,10.998446596623500
Deaths,Lebanon,Female,15-19 years,Total cancers,Number,2010,6.21381452567328
Deaths,Lebanon,Male,15-19 years,Total cancers,Rate,2010,5.519495808391180
Deaths,Lebanon,Female,15-19 years,Total cancers,Rate,2010,3.5124689774718800
Deaths,Lebanon,Male,55-59 years,Total cancers,Number,2010,193.17449234872300
Deaths,Lebanon,Female,55-59 years,Total cancers,Number,2010,170.8395008262510
Deaths,Lebanon,Male,55-59 years,Total cancers,Rate,2010,246.50827383900100
Deaths,Lebanon,Female,55-59 years,Total cancers,Rate,2010,182.84326609328500
Deaths,Lebanon,Male,60-64 years,Total cancers,Number,2010,271.95730887769100
Deaths,Lebanon,Female,60-64 years,Total cancers,Number,2010,201.1970165998150
Deaths,Lebanon,Male,60-64 years,Total cancers,Rate,2010,402.3143825867780
Deaths,Lebanon,Female,60-64 years,Total cancers,Rate,2010,268.1066697921250
Deaths,Lebanon,Male,65-74 years,Total cancers,Number,2010,951.2269705363660
Deaths,Lebanon,Female,65-74 years,Total cancers,Number,2010,593.2648399491520
Deaths,Lebanon,Male,65-74 years,Total cancers,Rate,2010,825.8912986876290
Deaths,Lebanon,Female,65-74 years,Total cancers,Rate,2010,481.60044887900500
Deaths,Lebanon,Male,20-54 years,Total cancers,Number,2010,304.6864066574400
Deaths,Lebanon,Female,20-54 years,Total cancers,Number,2010,359.8054153813790
Deaths,Lebanon,Male,20-54 years,Total cancers,Rate,2010,32.008317497646700
Deaths,Lebanon,Female,20-54 years,Total cancers,Rate,2010,34.417122143798500
Deaths,Lebanon,Male,15-19 years,Total cancers,Number,2012,11.42331903215940
Deaths,Lebanon,Female,15-19 years,Total cancers,Number,2012,6.113947965720220
Deaths,Lebanon,Male,15-19 years,Total cancers,Rate,2012,5.796267807281390
Deaths,Lebanon,Female,15-19 years,Total cancers,Rate,2012,3.5135269505690000
Deaths,Lebanon,Male,55-59 years,Total cancers,Number,2012,195.14316629286600
Deaths,Lebanon,Female,55-59 years,Total cancers,Number,2012,169.4987810914900
Deaths,Lebanon,Male,55-59 years,Total cancers,Rate,2012,250.29475848771400
Deaths,Lebanon,Female,55-59 years,Total cancers,Rate,2012,184.4778189172700
Deaths,Lebanon,Male,60-64 years,Total cancers,Number,2012,292.3641102342920
Deaths,Lebanon,Female,60-64 years,Total cancers,Number,2012,216.21829543065800
Deaths,Lebanon,Male,60-64 years,Total cancers,Rate,2012,407.35141925566000
Deaths,Lebanon,Female,60-64 years,Total cancers,Rate,2012,263.39284144555400
Deaths,Lebanon,Male,65-74 years,Total cancers,Number,2012,991.7612332090990
Deaths,Lebanon,Female,65-74 years,Total cancers,Number,2012,619.7894248366450
Deaths,Lebanon,Male,65-74 years,Total cancers,Rate,2012,835.6635724559970
Deaths,Lebanon,Female,65-74 years,Total cancers,Rate,2012,477.40714154687700
Deaths,Lebanon,Male,20-54 years,Total cancers,Number,2012,329.7475190111660
Deaths,Lebanon,Female,20-54 years,Total cancers,Number,2012,389.20258519220300
Deaths,Lebanon,Male,20-54 years,Total cancers,Rate,2012,33.25564389146040
Deaths,Lebanon,Female,20-54 years,Total cancers,Rate,2012,35.73216772180150
Deaths,Lebanon,Male,15-19 years,Total cancers,Number,2014,13.314665446229400
Deaths,Lebanon,Female,15-19 years,Total cancers,Number,2014,6.503740429790000
Deaths,Lebanon,Male,15-19 years,Total cancers,Rate,2014,5.869920127227240
Deaths,Lebanon,Female,15-19 years,Total cancers,Rate,2014,3.50791588325303
Deaths,Lebanon,Male,55-59 years,Total cancers,Number,2014,195.7926836838960
Deaths,Lebanon,Female,55-59 years,Total cancers,Number,2014,163.04856593733400
Deaths,Lebanon,Male,55-59 years,Total cancers,Rate,2014,247.04180438556900
Deaths,Lebanon,Female,55-59 years,Total cancers,Rate,2014,178.98910707308000
Deaths,Lebanon,Male,60-64 years,Total cancers,Number,2014,309.8291881137010
Deaths,Lebanon,Female,60-64 years,Total cancers,Number,2014,234.28103840272900
Deaths,Lebanon,Male,60-64 years,Total cancers,Rate,2014,406.44440222588600
Deaths,Lebanon,Female,60-64 years,Total cancers,Rate,2014,256.260470326911
Deaths,Lebanon,Male,65-74 years,Total cancers,Number,2014,994.9081511807210
Deaths,Lebanon,Female,65-74 years,Total cancers,Number,2014,614.4177329603030
Deaths,Lebanon,Male,65-74 years,Total cancers,Rate,2014,818.2901933559050
Deaths,Lebanon,Female,65-74 years,Total cancers,Rate,2014,458.51013996369100
Deaths,Lebanon,Male,20-54 years,Total cancers,Number,2014,383.0937704498460
Deaths,Lebanon,Female,20-54 years,Total cancers,Number,2014,438.7537604871190
Deaths,Lebanon,Male,20-54 years,Total cancers,Rate,2014,30.116436152076200
Deaths,Lebanon,Female,20-54 years,Total cancers,Rate,2014,33.59263266996950
Deaths,Lebanon,Male,15-19 years,Total cancers,Number,2018,10.635057496102800
Deaths,Lebanon,Female,15-19 years,Total cancers,Number,2018,5.790689793921610
Deaths,Lebanon,Male,15-19 years,Total cancers,Rate,2018,5.280691649023380
Deaths,Lebanon,Female,15-19 years,Total cancers,Rate,2018,3.2682565329888500
Deaths,Lebanon,Male,55-59 years,Total cancers,Number,2018,208.23774826102000
Deaths,Lebanon,Female,55-59 years,Total cancers,Number,2018,194.19149792679100
Deaths,Lebanon,Male,55-59 years,Total cancers,Rate,2018,211.03860555086000
Deaths,Lebanon,Female,55-59 years,Total cancers,Rate,2018,156.69825190273200
Deaths,Lebanon,Male,60-64 years,Total cancers,Number,2018,272.40200460960800
Deaths,Lebanon,Female,60-64 years,Total cancers,Number,2018,210.07392249402300
Deaths,Lebanon,Male,60-64 years,Total cancers,Rate,2018,352.130668532888
Deaths,Lebanon,Female,60-64 years,Total cancers,Rate,2018,229.5490906088870
Deaths,Lebanon,Male,65-74 years,Total cancers,Number,2018,929.5973199241070
Deaths,Lebanon,Female,65-74 years,Total cancers,Number,2018,611.0274845998790
Deaths,Lebanon,Male,65-74 years,Total cancers,Rate,2018,702.2570378425410
Deaths,Lebanon,Female,65-74 years,Total cancers,Rate,2018,400.7018093435730
Deaths,Lebanon,Male,20-54 years,Total cancers,Number,2018,387.21148755570100
Deaths,Lebanon,Female,20-54 years,Total cancers,Number,2018,436.7103665557590
Deaths,Lebanon,Male,20-54 years,Total cancers,Rate,2018,26.356211019129200
Deaths,Lebanon,Female,20-54 years,Total cancers,Rate,2018,30.208195491991700
Deaths,Lebanon,Male,15-19 years,Total cancers,Number,2016,12.33485133173950
Deaths,Lebanon,Female,15-19 years,Total cancers,Number,2016,6.019379502836100
Deaths,Lebanon,Male,15-19 years,Total cancers,Rate,2016,5.605850427893480
Deaths,Lebanon,Female,15-19 years,Total cancers,Rate,2016,3.3036316053397800
Deaths,Lebanon,Male,55-59 years,Total cancers,Number,2016,199.36124443859200
Deaths,Lebanon,Female,55-59 years,Total cancers,Number,2016,175.18726286341100
Deaths,Lebanon,Male,55-59 years,Total cancers,Rate,2016,227.65864243532200
Deaths,Lebanon,Female,55-59 years,Total cancers,Rate,2016,166.5043973375370
Deaths,Lebanon,Male,60-64 years,Total cancers,Number,2016,293.0210492105500
Deaths,Lebanon,Female,60-64 years,Total cancers,Number,2016,230.03052866013900
Deaths,Lebanon,Male,60-64 years,Total cancers,Rate,2016,380.2534853588370
Deaths,Lebanon,Female,60-64 years,Total cancers,Rate,2016,244.37943979917500
Deaths,Lebanon,Male,65-74 years,Total cancers,Number,2016,957.7909469436950
Deaths,Lebanon,Female,65-74 years,Total cancers,Number,2016,603.1847585615030
Deaths,Lebanon,Male,65-74 years,Total cancers,Rate,2016,755.0885072403700
Deaths,Lebanon,Female,65-74 years,Total cancers,Rate,2016,426.06985113124400
Deaths,Lebanon,Male,20-54 years,Total cancers,Number,2016,398.4136746814810
Deaths,Lebanon,Female,20-54 years,Total cancers,Number,2016,448.2784624401600
Deaths,Lebanon,Male,20-54 years,Total cancers,Rate,2016,27.089791311881900
Deaths,Lebanon,Female,20-54 years,Total cancers,Rate,2016,31.046347881505900
Deaths,Lebanon,Male,15-19 years,Total cancers,Number,2015,13.527084819319700
Deaths,Lebanon,Female,15-19 years,Total cancers,Number,2015,6.479381852159920
Deaths,Lebanon,Male,15-19 years,Total cancers,Rate,2015,5.796216551774250
Deaths,Lebanon,Female,15-19 years,Total cancers,Rate,2015,3.4537947353438800
Deaths,Lebanon,Male,55-59 years,Total cancers,Number,2015,198.07172289970500
Deaths,Lebanon,Female,55-59 years,Total cancers,Number,2015,167.2693644155030
Deaths,Lebanon,Male,55-59 years,Total cancers,Rate,2015,239.35237428946400
Deaths,Lebanon,Female,55-59 years,Total cancers,Rate,2015,173.1348013685280
Deaths,Lebanon,Male,60-64 years,Total cancers,Number,2015,309.8219113046720
Deaths,Lebanon,Female,60-64 years,Total cancers,Number,2015,238.336324258872
Deaths,Lebanon,Male,60-64 years,Total cancers,Rate,2015,398.1915359956650
Deaths,Lebanon,Female,60-64 years,Total cancers,Rate,2015,251.96873286300100
Deaths,Lebanon,Male,65-74 years,Total cancers,Number,2015,975.119835645222
Deaths,Lebanon,Female,65-74 years,Total cancers,Number,2015,606.1486817202040
Deaths,Lebanon,Male,65-74 years,Total cancers,Rate,2015,792.8125912112590
Deaths,Lebanon,Female,65-74 years,Total cancers,Rate,2015,445.31547133716800
Deaths,Lebanon,Male,20-54 years,Total cancers,Number,2015,401.45907356506200
Deaths,Lebanon,Female,20-54 years,Total cancers,Number,2015,452.9017752569890
Deaths,Lebanon,Male,20-54 years,Total cancers,Rate,2015,28.031279798524300
Deaths,Lebanon,Female,20-54 years,Total cancers,Rate,2015,31.939329990413800
Deaths,Lebanon,Male,15-19 years,Total cancers,Number,2017,11.188182222530000
Deaths,Lebanon,Female,15-19 years,Total cancers,Number,2017,5.79353451589425
Deaths,Lebanon,Male,15-19 years,Total cancers,Rate,2017,5.408654987631500
Deaths,Lebanon,Female,15-19 years,Total cancers,Rate,2017,3.2577770587155800
Deaths,Lebanon,Male,55-59 years,Total cancers,Number,2017,199.7984843221190
Deaths,Lebanon,Female,55-59 years,Total cancers,Number,2017,182.4375765219880
Deaths,Lebanon,Male,55-59 years,Total cancers,Rate,2017,216.2847399137800
Deaths,Lebanon,Female,55-59 years,Total cancers,Rate,2017,159.46233294101400
Deaths,Lebanon,Male,60-64 years,Total cancers,Number,2017,279.70634829126500
Deaths,Lebanon,Female,60-64 years,Total cancers,Number,2017,219.2487743191920
Deaths,Lebanon,Male,60-64 years,Total cancers,Rate,2017,361.6577109474410
Deaths,Lebanon,Female,60-64 years,Total cancers,Rate,2017,235.11718210632000
Deaths,Lebanon,Male,65-74 years,Total cancers,Number,2017,937.8385225580250
Deaths,Lebanon,Female,65-74 years,Total cancers,Number,2017,603.3826222744140
Deaths,Lebanon,Male,65-74 years,Total cancers,Rate,2017,721.4920163924030
Deaths,Lebanon,Female,65-74 years,Total cancers,Rate,2017,409.7654998757940
Deaths,Lebanon,Male,20-54 years,Total cancers,Number,2017,390.84795387327900
Deaths,Lebanon,Female,20-54 years,Total cancers,Number,2017,438.32479387805600
Deaths,Lebanon,Male,20-54 years,Total cancers,Rate,2017,26.625434185500100
Deaths,Lebanon,Female,20-54 years,Total cancers,Rate,2017,30.382747111557000
Deaths,Lebanon,Male,15-19 years,Total cancers,Number,2019,10.556604586089100
Deaths,Lebanon,Female,15-19 years,Total cancers,Number,2019,5.908766978194900
Deaths,Lebanon,Male,15-19 years,Total cancers,Rate,2019,5.263620830564870
Deaths,Lebanon,Female,15-19 years,Total cancers,Rate,2019,3.31036554712915
Deaths,Lebanon,Male,55-59 years,Total cancers,Number,2019,224.15240480498200
Deaths,Lebanon,Female,55-59 years,Total cancers,Number,2019,208.057965835381
Deaths,Lebanon,Male,55-59 years,Total cancers,Rate,2019,212.537441118803
Deaths,Lebanon,Female,55-59 years,Total cancers,Rate,2019,157.7523616419190
Deaths,Lebanon,Male,60-64 years,Total cancers,Number,2019,274.5801279763920
Deaths,Lebanon,Female,60-64 years,Total cancers,Number,2019,208.5017738480300
Deaths,Lebanon,Male,60-64 years,Total cancers,Rate,2019,352.7240034808750
Deaths,Lebanon,Female,60-64 years,Total cancers,Rate,2019,227.6978745615070
Deaths,Lebanon,Male,65-74 years,Total cancers,Number,2019,935.9632126595700
Deaths,Lebanon,Female,65-74 years,Total cancers,Number,2019,621.22454862859
Deaths,Lebanon,Male,65-74 years,Total cancers,Rate,2019,699.8929416295660
Deaths,Lebanon,Female,65-74 years,Total cancers,Rate,2019,397.08336335259800
Deaths,Lebanon,Male,20-54 years,Total cancers,Number,2019,391.31116519451100
Deaths,Lebanon,Female,20-54 years,Total cancers,Number,2019,443.7760883296080
Deaths,Lebanon,Male,20-54 years,Total cancers,Rate,2019,26.709428931324500
Deaths,Lebanon,Female,20-54 years,Total cancers,Rate,2019,30.674611372936100
Deaths,Lebanon,Male,15-19 years,Total cancers,Number,2002,10.088979279631400
Deaths,Lebanon,Female,15-19 years,Total cancers,Number,2002,6.6271465949507800
Deaths,Lebanon,Male,15-19 years,Total cancers,Rate,2002,5.483387323486120
Deaths,Lebanon,Female,15-19 years,Total cancers,Rate,2002,3.945868451420040
Deaths,Lebanon,Male,55-59 years,Total cancers,Number,2002,145.378090383481
Deaths,Lebanon,Female,55-59 years,Total cancers,Number,2002,145.5714370125480
Deaths,Lebanon,Male,55-59 years,Total cancers,Rate,2002,216.25833585953600
Deaths,Lebanon,Female,55-59 years,Total cancers,Rate,2002,198.65485193470900
Deaths,Lebanon,Male,60-64 years,Total cancers,Number,2002,222.24589699373000
Deaths,Lebanon,Female,60-64 years,Total cancers,Number,2002,191.33405355109300
Deaths,Lebanon,Male,60-64 years,Total cancers,Rate,2002,356.2943345264090
Deaths,Lebanon,Female,60-64 years,Total cancers,Rate,2002,288.8115218216860
Deaths,Lebanon,Male,65-74 years,Total cancers,Number,2002,765.4964575475050
Deaths,Lebanon,Female,65-74 years,Total cancers,Number,2002,485.71144803942500
Deaths,Lebanon,Male,65-74 years,Total cancers,Rate,2002,739.4670236899310
Deaths,Lebanon,Female,65-74 years,Total cancers,Rate,2002,499.705768853231
Deaths,Lebanon,Male,20-54 years,Total cancers,Number,2002,227.61474559046100
Deaths,Lebanon,Female,20-54 years,Total cancers,Number,2002,322.96207100213500
Deaths,Lebanon,Male,20-54 years,Total cancers,Rate,2002,28.981012566299600
Deaths,Lebanon,Female,20-54 years,Total cancers,Rate,2002,37.60746052717420
Deaths,Lebanon,Male,15-19 years,Total cancers,Number,2020,10.52237683213470
Deaths,Lebanon,Female,15-19 years,Total cancers,Number,2020,5.85182797298263
Deaths,Lebanon,Male,15-19 years,Total cancers,Rate,2020,5.211549023837100
Deaths,Lebanon,Female,15-19 years,Total cancers,Rate,2020,3.234805924409820
Deaths,Lebanon,Male,55-59 years,Total cancers,Number,2020,234.69456329037500
Deaths,Lebanon,Female,55-59 years,Total cancers,Number,2020,215.00802181756800
Deaths,Lebanon,Male,55-59 years,Total cancers,Rate,2020,214.4850802909910
Deaths,Lebanon,Female,55-59 years,Total cancers,Rate,2020,158.9022384419540
Deaths,Lebanon,Male,60-64 years,Total cancers,Number,2020,284.12397462044600
Deaths,Lebanon,Female,60-64 years,Total cancers,Number,2020,216.57157176907600
Deaths,Lebanon,Male,60-64 years,Total cancers,Rate,2020,352.53034278950600
Deaths,Lebanon,Female,60-64 years,Total cancers,Rate,2020,224.77506581487600
Deaths,Lebanon,Male,65-74 years,Total cancers,Number,2020,937.4792382077240
Deaths,Lebanon,Female,65-74 years,Total cancers,Number,2020,626.9814709789120
Deaths,Lebanon,Male,65-74 years,Total cancers,Rate,2020,700.3539279227270
Deaths,Lebanon,Female,65-74 years,Total cancers,Rate,2020,394.30472650520400
Deaths,Lebanon,Male,20-54 years,Total cancers,Number,2020,396.6934986117650
Deaths,Lebanon,Female,20-54 years,Total cancers,Number,2020,452.9296559216910
Deaths,Lebanon,Male,20-54 years,Total cancers,Rate,2020,27.23545661309040
Deaths,Lebanon,Female,20-54 years,Total cancers,Rate,2020,31.343203580964400
Incidence,Lebanon,Male,15-19 years,Total cancers,Number,2000,25.12816387875400
Incidence,Lebanon,Female,15-19 years,Total cancers,Number,2000,19.025393066412400
Incidence,Lebanon,Male,15-19 years,Total cancers,Rate,2000,13.893816671060000
Incidence,Lebanon,Female,15-19 years,Total cancers,Rate,2000,11.62746640132
Incidence,Lebanon,Male,15-19 years,Total cancers,Number,2001,25.664878332931200
Incidence,Lebanon,Female,15-19 years,Total cancers,Number,2001,19.178902636437400
Incidence,Lebanon,Male,15-19 years,Total cancers,Rate,2001,14.05099870973
Incidence,Lebanon,Female,15-19 years,Total cancers,Rate,2001,11.556303254690000
Incidence,Lebanon,Male,15-19 years,Total cancers,Number,2002,26.23720677779360
Incidence,Lebanon,Female,15-19 years,Total cancers,Number,2002,19.345095845830600
Incidence,Lebanon,Male,15-19 years,Total cancers,Rate,2002,14.25999232048
Incidence,Lebanon,Female,15-19 years,Total cancers,Rate,2002,11.51826088258
Incidence,Lebanon,Male,15-19 years,Total cancers,Number,2003,26.653419460621800
Incidence,Lebanon,Female,15-19 years,Total cancers,Number,2003,19.74059830978900
Incidence,Lebanon,Male,15-19 years,Total cancers,Rate,2003,14.376864450000000
Incidence,Lebanon,Female,15-19 years,Total cancers,Rate,2003,11.62265657781
Incidence,Lebanon,Male,15-19 years,Total cancers,Number,2004,28.10052641993950
Incidence,Lebanon,Female,15-19 years,Total cancers,Number,2004,19.894629374968600
Incidence,Lebanon,Male,15-19 years,Total cancers,Rate,2004,14.984531231650000
Incidence,Lebanon,Female,15-19 years,Total cancers,Rate,2004,11.58104130283
Incidence,Lebanon,Male,15-19 years,Total cancers,Number,2005,29.481807943602300
Incidence,Lebanon,Female,15-19 years,Total cancers,Number,2005,20.32154880129320
Incidence,Lebanon,Male,15-19 years,Total cancers,Rate,2005,15.513386940380000
Incidence,Lebanon,Female,15-19 years,Total cancers,Rate,2005,11.713400744850000
Incidence,Lebanon,Male,15-19 years,Total cancers,Number,2006,30.65854146449790
Incidence,Lebanon,Female,15-19 years,Total cancers,Number,2006,20.578229633739100
Incidence,Lebanon,Male,15-19 years,Total cancers,Rate,2006,15.92288988571
Incidence,Lebanon,Female,15-19 years,Total cancers,Rate,2006,11.76944922327
Incidence,Lebanon,Male,15-19 years,Total cancers,Number,2007,32.04909346682760
Incidence,Lebanon,Female,15-19 years,Total cancers,Number,2007,20.965286481562600
Incidence,Lebanon,Male,15-19 years,Total cancers,Rate,2007,16.385449075410000
Incidence,Lebanon,Female,15-19 years,Total cancers,Rate,2007,11.89765976009
Incidence,Lebanon,Male,15-19 years,Total cancers,Number,2008,33.64957032999340
Incidence,Lebanon,Female,15-19 years,Total cancers,Number,2008,21.4338326514365
Incidence,Lebanon,Male,15-19 years,Total cancers,Rate,2008,16.95593687877
Incidence,Lebanon,Female,15-19 years,Total cancers,Rate,2008,12.085534468340000
Incidence,Lebanon,Male,15-19 years,Total cancers,Number,2009,35.295011077095600
Incidence,Lebanon,Female,15-19 years,Total cancers,Number,2009,22.003638920619600
Incidence,Lebanon,Male,15-19 years,Total cancers,Rate,2009,17.66329733189
Incidence,Lebanon,Female,15-19 years,Total cancers,Rate,2009,12.38440346142
Incidence,Lebanon,Male,15-19 years,Total cancers,Number,2010,36.495013654922300
Incidence,Lebanon,Female,15-19 years,Total cancers,Number,2010,22.368453891494600
Incidence,Lebanon,Male,15-19 years,Total cancers,Rate,2010,18.31477501171
Incidence,Lebanon,Female,15-19 years,Total cancers,Rate,2010,12.64416568007
Incidence,Lebanon,Male,15-19 years,Total cancers,Number,2011,38.930833535426600
Incidence,Lebanon,Female,15-19 years,Total cancers,Number,2011,23.353849577001500
Incidence,Lebanon,Male,15-19 years,Total cancers,Rate,2011,19.72115702955
Incidence,Lebanon,Female,15-19 years,Total cancers,Rate,2011,13.32473660264
Incidence,Lebanon,Male,15-19 years,Total cancers,Number,2012,41.11333730229660
Incidence,Lebanon,Female,15-19 years,Total cancers,Number,2012,23.515270007779400
Incidence,Lebanon,Male,15-19 years,Total cancers,Rate,2012,20.861179906140000
Incidence,Lebanon,Female,15-19 years,Total cancers,Rate,2012,13.513614343050000
Incidence,Lebanon,Male,15-19 years,Total cancers,Number,2013,45.361329974492300
Incidence,Lebanon,Female,15-19 years,Total cancers,Number,2013,24.361459622931700
Incidence,Lebanon,Male,15-19 years,Total cancers,Rate,2013,21.899149041410000
Incidence,Lebanon,Female,15-19 years,Total cancers,Rate,2013,13.72791283486
Incidence,Lebanon,Male,15-19 years,Total cancers,Number,2014,50.209330192339200
Incidence,Lebanon,Female,15-19 years,Total cancers,Number,2014,25.857638677225600
Incidence,Lebanon,Male,15-19 years,Total cancers,Rate,2014,22.1353483541
Incidence,Lebanon,Female,15-19 years,Total cancers,Rate,2014,13.946808363350000
Incidence,Lebanon,Male,15-19 years,Total cancers,Number,2015,52.25259451782490
Incidence,Lebanon,Female,15-19 years,Total cancers,Number,2015,26.18179366891340
Incidence,Lebanon,Male,15-19 years,Total cancers,Rate,2015,22.389698686940000
Incidence,Lebanon,Female,15-19 years,Total cancers,Rate,2015,13.95604444973
Incidence,Lebanon,Male,15-19 years,Total cancers,Number,2016,48.53818052449160
Incidence,Lebanon,Female,15-19 years,Total cancers,Number,2016,24.614328494407700
Incidence,Lebanon,Male,15-19 years,Total cancers,Rate,2016,22.05926709163
Incidence,Lebanon,Female,15-19 years,Total cancers,Rate,2016,13.509145505780000
Incidence,Lebanon,Male,15-19 years,Total cancers,Number,2017,44.50636774758950
Incidence,Lebanon,Female,15-19 years,Total cancers,Number,2017,23.891363187922800
Incidence,Lebanon,Male,15-19 years,Total cancers,Rate,2017,21.51552263911
Incidence,Lebanon,Female,15-19 years,Total cancers,Rate,2017,13.43441291003
Incidence,Lebanon,Male,15-19 years,Total cancers,Number,2018,43.04711888566150
Incidence,Lebanon,Female,15-19 years,Total cancers,Number,2018,24.09850339705910
Incidence,Lebanon,Male,15-19 years,Total cancers,Rate,2018,21.37445531416
Incidence,Lebanon,Female,15-19 years,Total cancers,Rate,2018,13.60115875061
Incidence,Lebanon,Male,15-19 years,Total cancers,Number,2019,43.56167853013480
Incidence,Lebanon,Female,15-19 years,Total cancers,Number,2019,24.91708621166140
Incidence,Lebanon,Male,15-19 years,Total cancers,Rate,2019,21.720256419160000
Incidence,Lebanon,Female,15-19 years,Total cancers,Rate,2019,13.959708351050000
Incidence,Lebanon,Male,15-19 years,Total cancers,Number,2020,44.027951215244300
Incidence,Lebanon,Female,15-19 years,Total cancers,Number,2020,25.152600557735800
Incidence,Lebanon,Male,15-19 years,Total cancers,Rate,2020,21.80627341501
Incidence,Lebanon,Female,15-19 years,Total cancers,Rate,2020,13.903994046660000
Incidence,Lebanon,Male,55-59 years,Total cancers,Number,2000,238.6108745181520
Incidence,Lebanon,Female,55-59 years,Total cancers,Number,2000,296.3732173604070
Incidence,Lebanon,Male,55-59 years,Total cancers,Rate,2000,372.30800768491
Incidence,Lebanon,Female,55-59 years,Total cancers,Rate,2000,426.33914679599
Incidence,Lebanon,Male,55-59 years,Total cancers,Number,2001,251.2420456612030
Incidence,Lebanon,Female,55-59 years,Total cancers,Number,2001,315.2065552522750
Incidence,Lebanon,Male,55-59 years,Total cancers,Rate,2001,382.89558125783
Incidence,Lebanon,Female,55-59 years,Total cancers,Rate,2001,441.41390935713
Incidence,Lebanon,Male,55-59 years,Total cancers,Number,2002,271.5844664128300
Incidence,Lebanon,Female,55-59 years,Total cancers,Number,2002,338.9539676827870
Incidence,Lebanon,Male,55-59 years,Total cancers,Rate,2002,403.99763538517000
Incidence,Lebanon,Female,55-59 years,Total cancers,Rate,2002,462.55537243135
Incidence,Lebanon,Male,55-59 years,Total cancers,Number,2003,284.3617770559900
Incidence,Lebanon,Female,55-59 years,Total cancers,Number,2003,359.3750391380550
Incidence,Lebanon,Male,55-59 years,Total cancers,Rate,2003,419.55026197959000
Incidence,Lebanon,Female,55-59 years,Total cancers,Rate,2003,487.28775466570000
Incidence,Lebanon,Male,55-59 years,Total cancers,Number,2004,299.3046908410650
Incidence,Lebanon,Female,55-59 years,Total cancers,Number,2004,357.0025014402240
Incidence,Lebanon,Male,55-59 years,Total cancers,Rate,2004,439.77835252742
Incidence,Lebanon,Female,55-59 years,Total cancers,Rate,2004,483.25583200275
Incidence,Lebanon,Male,55-59 years,Total cancers,Number,2005,311.2147006670640
Incidence,Lebanon,Female,55-59 years,Total cancers,Number,2005,364.2925426521490
Incidence,Lebanon,Male,55-59 years,Total cancers,Rate,2005,457.27958028119000
Incidence,Lebanon,Female,55-59 years,Total cancers,Rate,2005,491.85091032705000
Incidence,Lebanon,Male,55-59 years,Total cancers,Number,2006,329.03926638387900
Incidence,Lebanon,Female,55-59 years,Total cancers,Number,2006,379.9572946512720
Incidence,Lebanon,Male,55-59 years,Total cancers,Rate,2006,466.1805077983
Incidence,Lebanon,Female,55-59 years,Total cancers,Rate,2006,490.86215901586
Incidence,Lebanon,Male,55-59 years,Total cancers,Number,2007,344.630766539324
Incidence,Lebanon,Female,55-59 years,Total cancers,Number,2007,398.24131094182800
Incidence,Lebanon,Male,55-59 years,Total cancers,Rate,2007,474.47968051675
Incidence,Lebanon,Female,55-59 years,Total cancers,Rate,2007,489.98497035022000
Incidence,Lebanon,Male,55-59 years,Total cancers,Number,2008,364.29169677557500
Incidence,Lebanon,Female,55-59 years,Total cancers,Number,2008,425.1186177277920
Incidence,Lebanon,Male,55-59 years,Total cancers,Rate,2008,485.29980897649
Incidence,Lebanon,Female,55-59 years,Total cancers,Rate,2008,492.80810321468
Incidence,Lebanon,Male,55-59 years,Total cancers,Number,2009,382.1516807880740
Incidence,Lebanon,Female,55-59 years,Total cancers,Number,2009,450.0605252948150
Incidence,Lebanon,Male,55-59 years,Total cancers,Rate,2009,497.17402499397000
Incidence,Lebanon,Female,55-59 years,Total cancers,Rate,2009,497.81476220044
Incidence,Lebanon,Male,55-59 years,Total cancers,Number,2010,397.4299748958790
Incidence,Lebanon,Female,55-59 years,Total cancers,Number,2010,469.2862529371630
Incidence,Lebanon,Male,55-59 years,Total cancers,Rate,2010,507.15690199202
Incidence,Lebanon,Female,55-59 years,Total cancers,Rate,2010,502.25990362133000
Incidence,Lebanon,Male,55-59 years,Total cancers,Number,2011,408.4002915921600
Incidence,Lebanon,Female,55-59 years,Total cancers,Number,2011,482.6754704152930
Incidence,Lebanon,Male,55-59 years,Total cancers,Rate,2011,525.7417910458700
Incidence,Lebanon,Female,55-59 years,Total cancers,Rate,2011,519.67128471516
Incidence,Lebanon,Male,55-59 years,Total cancers,Number,2012,417.6184800373790
Incidence,Lebanon,Female,55-59 years,Total cancers,Number,2012,487.0577576892540
Incidence,Lebanon,Male,55-59 years,Total cancers,Rate,2012,535.64630822936
Incidence,Lebanon,Female,55-59 years,Total cancers,Rate,2012,530.1002889026700
Incidence,Lebanon,Male,55-59 years,Total cancers,Number,2013,424.87422515637100
Incidence,Lebanon,Female,55-59 years,Total cancers,Number,2013,482.2947662278350
Incidence,Lebanon,Male,55-59 years,Total cancers,Rate,2013,543.44228093483
Incidence,Lebanon,Female,55-59 years,Total cancers,Rate,2013,533.8234193045500
Incidence,Lebanon,Male,55-59 years,Total cancers,Number,2014,427.2260700752120
Incidence,Lebanon,Female,55-59 years,Total cancers,Number,2014,480.9814374123770
Incidence,Lebanon,Male,55-59 years,Total cancers,Rate,2014,539.0533356309300
Incidence,Lebanon,Female,55-59 years,Total cancers,Rate,2014,528.00487699018
Incidence,Lebanon,Male,55-59 years,Total cancers,Number,2015,439.5754489360750
Incidence,Lebanon,Female,55-59 years,Total cancers,Number,2015,500.3671446019870
Incidence,Lebanon,Male,55-59 years,Total cancers,Rate,2015,531.18853030567
Incidence,Lebanon,Female,55-59 years,Total cancers,Rate,2015,517.91292741932
Incidence,Lebanon,Male,55-59 years,Total cancers,Number,2016,448.090106060012
Incidence,Lebanon,Female,55-59 years,Total cancers,Number,2016,530.8512455855710
Incidence,Lebanon,Male,55-59 years,Total cancers,Rate,2016,511.6921572274
Incidence,Lebanon,Female,55-59 years,Total cancers,Rate,2016,504.54048586295
Incidence,Lebanon,Male,55-59 years,Total cancers,Number,2017,450.3363256860510
Incidence,Lebanon,Female,55-59 years,Total cancers,Number,2017,557.3174261305030
Incidence,Lebanon,Male,55-59 years,Total cancers,Rate,2017,487.49556537027
Incidence,Lebanon,Female,55-59 years,Total cancers,Rate,2017,487.13175571448
Incidence,Lebanon,Male,55-59 years,Total cancers,Number,2018,472.9412567528230
Incidence,Lebanon,Female,55-59 years,Total cancers,Number,2018,597.0771963030190
Incidence,Lebanon,Male,55-59 years,Total cancers,Rate,2018,479.30245196216
Incidence,Lebanon,Female,55-59 years,Total cancers,Rate,2018,481.79736966105000
Incidence,Lebanon,Male,55-59 years,Total cancers,Number,2019,516.169350645999
Incidence,Lebanon,Female,55-59 years,Total cancers,Number,2019,646.8988247064170
Incidence,Lebanon,Male,55-59 years,Total cancers,Rate,2019,489.42286863128
Incidence,Lebanon,Female,55-59 years,Total cancers,Rate,2019,490.48743186099
Incidence,Lebanon,Male,55-59 years,Total cancers,Number,2020,546.9236693526030
Incidence,Lebanon,Female,55-59 years,Total cancers,Number,2020,674.1443587034220
Incidence,Lebanon,Male,55-59 years,Total cancers,Rate,2020,499.82822562872
Incidence,Lebanon,Female,55-59 years,Total cancers,Rate,2020,498.22814388703
Incidence,Lebanon,Male,60-64 years,Total cancers,Number,2000,374.3320360116590
Incidence,Lebanon,Female,60-64 years,Total cancers,Number,2000,359.1536550898320
Incidence,Lebanon,Male,60-64 years,Total cancers,Rate,2000,610.34161675012
Incidence,Lebanon,Female,60-64 years,Total cancers,Rate,2000,561.4024093688000
Incidence,Lebanon,Male,60-64 years,Total cancers,Number,2001,390.0712950704200
Incidence,Lebanon,Female,60-64 years,Total cancers,Number,2001,379.7915481920340
Incidence,Lebanon,Male,60-64 years,Total cancers,Rate,2001,629.7358978752200
Incidence,Lebanon,Female,60-64 years,Total cancers,Rate,2001,582.36824500904
Incidence,Lebanon,Male,60-64 years,Total cancers,Number,2002,415.3957488022700
Incidence,Lebanon,Female,60-64 years,Total cancers,Number,2002,405.61558730047000
Incidence,Lebanon,Male,60-64 years,Total cancers,Rate,2002,665.94323623791
Incidence,Lebanon,Female,60-64 years,Total cancers,Rate,2002,612.26139763752
Incidence,Lebanon,Male,60-64 years,Total cancers,Number,2003,435.0274761253460
Incidence,Lebanon,Female,60-64 years,Total cancers,Number,2003,434.5640513203660
Incidence,Lebanon,Male,60-64 years,Total cancers,Rate,2003,692.28382561151
Incidence,Lebanon,Female,60-64 years,Total cancers,Rate,2003,644.4250103309
Incidence,Lebanon,Male,60-64 years,Total cancers,Number,2004,456.0877977393830
Incidence,Lebanon,Female,60-64 years,Total cancers,Number,2004,438.8337549460550
Incidence,Lebanon,Male,60-64 years,Total cancers,Rate,2004,719.14035807249
Incidence,Lebanon,Female,60-64 years,Total cancers,Rate,2004,637.44906475049
Incidence,Lebanon,Male,60-64 years,Total cancers,Number,2005,477.2298704137830
Incidence,Lebanon,Female,60-64 years,Total cancers,Number,2005,454.4587270806710
Incidence,Lebanon,Male,60-64 years,Total cancers,Rate,2005,742.71595423044
Incidence,Lebanon,Female,60-64 years,Total cancers,Rate,2005,645.43772714738
Incidence,Lebanon,Male,60-64 years,Total cancers,Number,2006,500.7322409704520
Incidence,Lebanon,Female,60-64 years,Total cancers,Number,2006,470.1236854168870
Incidence,Lebanon,Male,60-64 years,Total cancers,Rate,2006,761.06392769264
Incidence,Lebanon,Female,60-64 years,Total cancers,Rate,2006,648.29861085543
Incidence,Lebanon,Male,60-64 years,Total cancers,Number,2007,525.180999336108
Incidence,Lebanon,Female,60-64 years,Total cancers,Number,2007,486.26271815925400
Incidence,Lebanon,Male,60-64 years,Total cancers,Rate,2007,779.8296441395700
Incidence,Lebanon,Female,60-64 years,Total cancers,Rate,2007,652.6124072905
Incidence,Lebanon,Male,60-64 years,Total cancers,Number,2008,543.3173547618320
Incidence,Lebanon,Female,60-64 years,Total cancers,Number,2008,495.97863680551700
Incidence,Lebanon,Male,60-64 years,Total cancers,Rate,2008,801.84126980734
Incidence,Lebanon,Female,60-64 years,Total cancers,Rate,2008,661.54048243733
Incidence,Lebanon,Male,60-64 years,Total cancers,Number,2009,557.3996727608490
Incidence,Lebanon,Female,60-64 years,Total cancers,Number,2009,501.10807829902800
Incidence,Lebanon,Male,60-64 years,Total cancers,Rate,2009,821.79747277194
Incidence,Lebanon,Female,60-64 years,Total cancers,Rate,2009,668.18390277834
Incidence,Lebanon,Male,60-64 years,Total cancers,Number,2010,564.9552038592400
Incidence,Lebanon,Female,60-64 years,Total cancers,Number,2010,502.1603093639900
Incidence,Lebanon,Male,60-64 years,Total cancers,Rate,2010,835.7547181496600
Incidence,Lebanon,Female,60-64 years,Total cancers,Rate,2010,669.15767699055
Incidence,Lebanon,Male,60-64 years,Total cancers,Number,2011,603.6568887033690
Incidence,Lebanon,Female,60-64 years,Total cancers,Number,2011,533.9949415082310
Incidence,Lebanon,Male,60-64 years,Total cancers,Rate,2011,863.78027177759
Incidence,Lebanon,Female,60-64 years,Total cancers,Rate,2011,682.10426009439
Incidence,Lebanon,Male,60-64 years,Total cancers,Number,2012,633.189495726936
Incidence,Lebanon,Female,60-64 years,Total cancers,Number,2012,564.1716057429900
Incidence,Lebanon,Male,60-64 years,Total cancers,Rate,2012,882.2240169473700
Incidence,Lebanon,Female,60-64 years,Total cancers,Rate,2012,687.26266666551
Incidence,Lebanon,Male,60-64 years,Total cancers,Number,2013,668.2202489448820
Incidence,Lebanon,Female,60-64 years,Total cancers,Number,2013,600.2073886876080
Incidence,Lebanon,Male,60-64 years,Total cancers,Rate,2013,900.34897059255
Incidence,Lebanon,Female,60-64 years,Total cancers,Rate,2013,689.02786464846
Incidence,Lebanon,Male,60-64 years,Total cancers,Number,2014,688.2686387682130
Incidence,Lebanon,Female,60-64 years,Total cancers,Number,2014,627.3393931564100
Incidence,Lebanon,Male,60-64 years,Total cancers,Rate,2014,902.89406610816
Incidence,Lebanon,Female,60-64 years,Total cancers,Rate,2014,686.19419241479
Incidence,Lebanon,Male,60-64 years,Total cancers,Number,2015,698.4597886243680
Incidence,Lebanon,Female,60-64 years,Total cancers,Number,2015,646.1066616488580
Incidence,Lebanon,Male,60-64 years,Total cancers,Rate,2015,897.6794923650400
Incidence,Lebanon,Female,60-64 years,Total cancers,Rate,2015,683.06279932882
Incidence,Lebanon,Male,60-64 years,Total cancers,Number,2016,669.5484442958010
Incidence,Lebanon,Female,60-64 years,Total cancers,Number,2016,630.4222196762300
Incidence,Lebanon,Male,60-64 years,Total cancers,Rate,2016,868.87317565068
Incidence,Lebanon,Female,60-64 years,Total cancers,Rate,2016,669.7468800284700
Incidence,Lebanon,Male,60-64 years,Total cancers,Number,2017,643.3450114164030
Incidence,Lebanon,Female,60-64 years,Total cancers,Number,2017,604.6483450612850
Incidence,Lebanon,Male,60-64 years,Total cancers,Rate,2017,831.83912556759
Incidence,Lebanon,Female,60-64 years,Total cancers,Rate,2017,648.41053500756
Incidence,Lebanon,Male,60-64 years,Total cancers,Number,2018,628.1727541135540
Incidence,Lebanon,Female,60-64 years,Total cancers,Number,2018,581.471265287769
Incidence,Lebanon,Male,60-64 years,Total cancers,Rate,2018,812.0310721544100
Incidence,Lebanon,Female,60-64 years,Total cancers,Rate,2018,635.3772927994100
Incidence,Lebanon,Male,60-64 years,Total cancers,Number,2019,636.5017350869030
Incidence,Lebanon,Female,60-64 years,Total cancers,Number,2019,581.447800353431
Incidence,Lebanon,Male,60-64 years,Total cancers,Rate,2019,817.64635291334
Incidence,Lebanon,Female,60-64 years,Total cancers,Rate,2019,634.97986547317
Incidence,Lebanon,Male,60-64 years,Total cancers,Number,2020,665.6436159828790
Incidence,Lebanon,Female,60-64 years,Total cancers,Number,2020,609.7505523009390
Incidence,Lebanon,Male,60-64 years,Total cancers,Rate,2020,825.90556615845
Incidence,Lebanon,Female,60-64 years,Total cancers,Rate,2020,632.8472356946200
Incidence,Lebanon,Male,20-54 years,Total cancers,Number,2000,470.45377318567400
Incidence,Lebanon,Female,20-54 years,Total cancers,Number,2000,983.4365206071990
Incidence,Lebanon,Male,20-54 years,Total cancers,Rate,2000,62.687989713810000
Incidence,Lebanon,Female,20-54 years,Total cancers,Rate,2000,119.91887538766
Incidence,Lebanon,Male,20-54 years,Total cancers,Number,2001,489.5423701384520
Incidence,Lebanon,Female,20-54 years,Total cancers,Number,2001,1032.5233714578300
Incidence,Lebanon,Male,20-54 years,Total cancers,Rate,2001,63.675260582010000
Incidence,Lebanon,Female,20-54 years,Total cancers,Rate,2001,122.98133345821
Incidence,Lebanon,Male,20-54 years,Total cancers,Number,2002,514.8688130390400
Incidence,Lebanon,Female,20-54 years,Total cancers,Number,2002,1083.7947796879100
Incidence,Lebanon,Male,20-54 years,Total cancers,Rate,2002,65.55559263953
Incidence,Lebanon,Female,20-54 years,Total cancers,Rate,2002,126.202960212
Incidence,Lebanon,Male,20-54 years,Total cancers,Number,2003,535.4216868986130
Incidence,Lebanon,Female,20-54 years,Total cancers,Number,2003,1152.501323151400
Incidence,Lebanon,Male,20-54 years,Total cancers,Rate,2003,66.83679861264000
Incidence,Lebanon,Female,20-54 years,Total cancers,Rate,2003,131.18698505847
Incidence,Lebanon,Male,20-54 years,Total cancers,Number,2004,573.2045119209220
Incidence,Lebanon,Female,20-54 years,Total cancers,Number,2004,1177.8444401264000
Incidence,Lebanon,Male,20-54 years,Total cancers,Rate,2004,69.96197020981
Incidence,Lebanon,Female,20-54 years,Total cancers,Rate,2004,130.7407854332
Incidence,Lebanon,Male,20-54 years,Total cancers,Number,2005,612.427547581663
Incidence,Lebanon,Female,20-54 years,Total cancers,Number,2005,1244.3769199557500
Incidence,Lebanon,Male,20-54 years,Total cancers,Rate,2005,72.89572549009
Incidence,Lebanon,Female,20-54 years,Total cancers,Rate,2005,134.43556191642
Incidence,Lebanon,Male,20-54 years,Total cancers,Number,2006,640.108726322539
Incidence,Lebanon,Female,20-54 years,Total cancers,Number,2006,1281.744709468180
Incidence,Lebanon,Male,20-54 years,Total cancers,Rate,2006,74.43386946935
Incidence,Lebanon,Female,20-54 years,Total cancers,Rate,2006,135.09060341636000
Incidence,Lebanon,Male,20-54 years,Total cancers,Number,2007,670.5847609160890
Incidence,Lebanon,Female,20-54 years,Total cancers,Number,2007,1321.671274553240
Incidence,Lebanon,Male,20-54 years,Total cancers,Rate,2007,75.77433756488
Incidence,Lebanon,Female,20-54 years,Total cancers,Rate,2007,135.54231335538
Incidence,Lebanon,Male,20-54 years,Total cancers,Number,2008,707.0753946864730
Incidence,Lebanon,Female,20-54 years,Total cancers,Number,2008,1361.5814523881600
Incidence,Lebanon,Male,20-54 years,Total cancers,Rate,2008,77.55493574112000
Incidence,Lebanon,Female,20-54 years,Total cancers,Rate,2008,135.90672928528
Incidence,Lebanon,Male,20-54 years,Total cancers,Number,2009,747.3028181790940
Incidence,Lebanon,Female,20-54 years,Total cancers,Number,2009,1406.380942499730
Incidence,Lebanon,Male,20-54 years,Total cancers,Rate,2009,79.93932145463
Incidence,Lebanon,Female,20-54 years,Total cancers,Rate,2009,137.09859967293
Incidence,Lebanon,Male,20-54 years,Total cancers,Number,2010,784.8855242456530
Incidence,Lebanon,Female,20-54 years,Total cancers,Number,2010,1450.9314392484100
Incidence,Lebanon,Male,20-54 years,Total cancers,Rate,2010,82.45482735830000
Incidence,Lebanon,Female,20-54 years,Total cancers,Rate,2010,138.78858525227
Incidence,Lebanon,Male,20-54 years,Total cancers,Number,2011,841.0243587921490
Incidence,Lebanon,Female,20-54 years,Total cancers,Number,2011,1550.7447973006700
Incidence,Lebanon,Male,20-54 years,Total cancers,Rate,2011,87.14224420774
Incidence,Lebanon,Female,20-54 years,Total cancers,Rate,2011,145.97063939021
Incidence,Lebanon,Male,20-54 years,Total cancers,Number,2012,892.0127846254370
Incidence,Lebanon,Female,20-54 years,Total cancers,Number,2012,1646.9486090287900
Incidence,Lebanon,Male,20-54 years,Total cancers,Rate,2012,89.96113026442000
Incidence,Lebanon,Female,20-54 years,Total cancers,Rate,2012,151.20414448928
Incidence,Lebanon,Male,20-54 years,Total cancers,Number,2013,979.50333133094
Incidence,Lebanon,Female,20-54 years,Total cancers,Number,2013,1773.8216742321900
Incidence,Lebanon,Male,20-54 years,Total cancers,Rate,2013,90.11211451263
Incidence,Lebanon,Female,20-54 years,Total cancers,Rate,2013,151.97276285555
Incidence,Lebanon,Male,20-54 years,Total cancers,Number,2014,1105.9902162843600
Incidence,Lebanon,Female,20-54 years,Total cancers,Number,2014,1917.495399178580
Incidence,Lebanon,Male,20-54 years,Total cancers,Rate,2014,86.94603332869000
Incidence,Lebanon,Female,20-54 years,Total cancers,Rate,2014,146.81063592354
Incidence,Lebanon,Male,20-54 years,Total cancers,Number,2015,1194.8028996734600
Incidence,Lebanon,Female,20-54 years,Total cancers,Number,2015,2014.273716128790
Incidence,Lebanon,Male,20-54 years,Total cancers,Rate,2015,83.42532673983
Incidence,Lebanon,Female,20-54 years,Total cancers,Rate,2015,142.04968146558
Incidence,Lebanon,Male,20-54 years,Total cancers,Number,2016,1213.23268099013
Incidence,Lebanon,Female,20-54 years,Total cancers,Number,2016,2025.5700018544700
Incidence,Lebanon,Male,20-54 years,Total cancers,Rate,2016,82.49270100242
Incidence,Lebanon,Female,20-54 years,Total cancers,Rate,2016,140.28456909038000
Incidence,Lebanon,Male,20-54 years,Total cancers,Number,2017,1215.4166738483300
Incidence,Lebanon,Female,20-54 years,Total cancers,Number,2017,1998.4485739812600
Incidence,Lebanon,Male,20-54 years,Total cancers,Rate,2017,82.79689412932
Incidence,Lebanon,Female,20-54 years,Total cancers,Rate,2017,138.52366666626
Incidence,Lebanon,Male,20-54 years,Total cancers,Number,2018,1207.4383767546700
Incidence,Lebanon,Female,20-54 years,Total cancers,Number,2018,2000.6202274035500
Incidence,Lebanon,Male,20-54 years,Total cancers,Rate,2018,82.18635467462
Incidence,Lebanon,Female,20-54 years,Total cancers,Rate,2018,138.38720479955000
Incidence,Lebanon,Male,20-54 years,Total cancers,Number,2019,1213.1207680274500
Incidence,Lebanon,Female,20-54 years,Total cancers,Number,2019,2046.6274536345600
Incidence,Lebanon,Male,20-54 years,Total cancers,Rate,2019,82.80306267938
Incidence,Lebanon,Female,20-54 years,Total cancers,Rate,2019,141.46661664833
Incidence,Lebanon,Male,20-54 years,Total cancers,Number,2020,1229.3273887164900
Incidence,Lebanon,Female,20-54 years,Total cancers,Number,2020,2110.696592535890
Incidence,Lebanon,Male,20-54 years,Total cancers,Rate,2020,84.40091122198
Incidence,Lebanon,Female,20-54 years,Total cancers,Rate,2020,146.0624009326
Incidence,Lebanon,Male,65-74 years,Total cancers,Number,2000,1118.7949360412600
Incidence,Lebanon,Female,65-74 years,Total cancers,Number,2000,741.5913712096860
Incidence,Lebanon,Male,65-74 years,Total cancers,Rate,2000,1147.76560087427
Incidence,Lebanon,Female,65-74 years,Total cancers,Rate,2000,821.92557748743
Incidence,Lebanon,Male,65-74 years,Total cancers,Number,2001,1201.642697904320
Incidence,Lebanon,Female,65-74 years,Total cancers,Number,2001,795.4050185792840
Incidence,Lebanon,Male,65-74 years,Total cancers,Rate,2001,1193.57088577566
Incidence,Lebanon,Female,65-74 years,Total cancers,Rate,2001,848.94256294388
Incidence,Lebanon,Male,65-74 years,Total cancers,Number,2002,1309.8510053001500
Incidence,Lebanon,Female,65-74 years,Total cancers,Number,2002,863.9488016256020
Incidence,Lebanon,Male,65-74 years,Total cancers,Rate,2002,1265.31170042214
Incidence,Lebanon,Female,65-74 years,Total cancers,Rate,2002,888.8408990745100
Incidence,Lebanon,Male,65-74 years,Total cancers,Number,2003,1394.5534375117500
Incidence,Lebanon,Female,65-74 years,Total cancers,Number,2003,936.3595964306090
Incidence,Lebanon,Male,65-74 years,Total cancers,Rate,2003,1317.711605578
Incidence,Lebanon,Female,65-74 years,Total cancers,Rate,2003,930.2281033464700
Incidence,Lebanon,Male,65-74 years,Total cancers,Number,2004,1476.0080241758600
Incidence,Lebanon,Female,65-74 years,Total cancers,Number,2004,968.2165299175550
Incidence,Lebanon,Male,65-74 years,Total cancers,Rate,2004,1370.67259060234
Incidence,Lebanon,Female,65-74 years,Total cancers,Rate,2004,930.36293266472
Incidence,Lebanon,Male,65-74 years,Total cancers,Number,2005,1545.3720595514500
Incidence,Lebanon,Female,65-74 years,Total cancers,Number,2005,1013.348738604900
Incidence,Lebanon,Male,65-74 years,Total cancers,Rate,2005,1416.1582000067500
Incidence,Lebanon,Female,65-74 years,Total cancers,Rate,2005,943.7043445697500
Incidence,Lebanon,Male,65-74 years,Total cancers,Number,2006,1599.6421075931000
Incidence,Lebanon,Female,65-74 years,Total cancers,Number,2006,1051.3436992383800
Incidence,Lebanon,Male,65-74 years,Total cancers,Rate,2006,1453.23813050094
Incidence,Lebanon,Female,65-74 years,Total cancers,Rate,2006,952.3670162461300
Incidence,Lebanon,Male,65-74 years,Total cancers,Number,2007,1650.7434248884400
Incidence,Lebanon,Female,65-74 years,Total cancers,Number,2007,1088.6858928622200
Incidence,Lebanon,Male,65-74 years,Total cancers,Rate,2007,1488.37403880583
Incidence,Lebanon,Female,65-74 years,Total cancers,Rate,2007,960.9511196224200
Incidence,Lebanon,Male,65-74 years,Total cancers,Number,2008,1711.251291437370
Incidence,Lebanon,Female,65-74 years,Total cancers,Number,2008,1133.346714143630
Incidence,Lebanon,Male,65-74 years,Total cancers,Rate,2008,1525.58664307196
Incidence,Lebanon,Female,65-74 years,Total cancers,Rate,2008,973.00743633518
Incidence,Lebanon,Male,65-74 years,Total cancers,Number,2009,1773.0864332582000
Incidence,Lebanon,Female,65-74 years,Total cancers,Number,2009,1176.9877834518600
Incidence,Lebanon,Male,65-74 years,Total cancers,Rate,2009,1560.48288976446
Incidence,Lebanon,Female,65-74 years,Total cancers,Rate,2009,982.1474582607800
Incidence,Lebanon,Male,65-74 years,Total cancers,Number,2010,1827.4624451812800
Incidence,Lebanon,Female,65-74 years,Total cancers,Number,2010,1214.945418525720
Incidence,Lebanon,Male,65-74 years,Total cancers,Rate,2010,1586.6721391453
Incidence,Lebanon,Female,65-74 years,Total cancers,Rate,2010,986.26822209053
Incidence,Lebanon,Male,65-74 years,Total cancers,Number,2011,1919.9558290618400
Incidence,Lebanon,Female,65-74 years,Total cancers,Number,2011,1279.218179708530
Incidence,Lebanon,Male,65-74 years,Total cancers,Rate,2011,1641.5005368828300
Incidence,Lebanon,Female,65-74 years,Total cancers,Rate,2011,1010.0984076637800
Incidence,Lebanon,Male,65-74 years,Total cancers,Number,2012,1984.9806707920400
Incidence,Lebanon,Female,65-74 years,Total cancers,Number,2012,1324.850439439950
Incidence,Lebanon,Male,65-74 years,Total cancers,Rate,2012,1672.55583608847
Incidence,Lebanon,Female,65-74 years,Total cancers,Rate,2012,1020.49669762734
Incidence,Lebanon,Male,65-74 years,Total cancers,Number,2013,2028.78835432565
Incidence,Lebanon,Female,65-74 years,Total cancers,Number,2013,1342.2810088520300
Incidence,Lebanon,Male,65-74 years,Total cancers,Rate,2013,1692.11051840723
Incidence,Lebanon,Female,65-74 years,Total cancers,Rate,2013,1017.60673194121
Incidence,Lebanon,Male,65-74 years,Total cancers,Number,2014,2047.522067125800
Incidence,Lebanon,Female,65-74 years,Total cancers,Number,2014,1349.661151046680
Incidence,Lebanon,Male,65-74 years,Total cancers,Rate,2014,1684.04211606917
Incidence,Lebanon,Female,65-74 years,Total cancers,Rate,2014,1007.1866257641800
Incidence,Lebanon,Male,65-74 years,Total cancers,Number,2015,2039.1621651801000
Incidence,Lebanon,Female,65-74 years,Total cancers,Number,2015,1350.0078268066800
Incidence,Lebanon,Male,65-74 years,Total cancers,Rate,2015,1657.92283264001
Incidence,Lebanon,Female,65-74 years,Total cancers,Rate,2015,991.80182986982
Incidence,Lebanon,Male,65-74 years,Total cancers,Number,2016,2026.4890793993900
Incidence,Lebanon,Female,65-74 years,Total cancers,Number,2016,1355.509283975420
Incidence,Lebanon,Male,65-74 years,Total cancers,Rate,2016,1597.6123169522400
Incidence,Lebanon,Female,65-74 years,Total cancers,Rate,2016,957.48712253235
Incidence,Lebanon,Male,65-74 years,Total cancers,Number,2017,1987.8725889105500
Incidence,Lebanon,Female,65-74 years,Total cancers,Number,2017,1361.675193010270
Incidence,Lebanon,Male,65-74 years,Total cancers,Rate,2017,1529.29760081967
Incidence,Lebanon,Female,65-74 years,Total cancers,Rate,2017,924.7324923430700
Incidence,Lebanon,Male,65-74 years,Total cancers,Number,2018,1968.6640367138900
Incidence,Lebanon,Female,65-74 years,Total cancers,Number,2018,1385.322893509190
Incidence,Lebanon,Male,65-74 years,Total cancers,Rate,2018,1487.21187690462
Incidence,Lebanon,Female,65-74 years,Total cancers,Rate,2018,908.4720474034000
Incidence,Lebanon,Male,65-74 years,Total cancers,Number,2019,1992.1144389708300
Incidence,Lebanon,Female,65-74 years,Total cancers,Number,2019,1423.3857965708100
Incidence,Lebanon,Male,65-74 years,Total cancers,Rate,2019,1489.65986685755
Incidence,Lebanon,Female,65-74 years,Total cancers,Rate,2019,909.82048391099
Incidence,Lebanon,Male,65-74 years,Total cancers,Number,2020,2017.133242977540
Incidence,Lebanon,Female,65-74 years,Total cancers,Number,2020,1452.983290612930
Incidence,Lebanon,Male,65-74 years,Total cancers,Rate,2020,1506.92104132743
Incidence,Lebanon,Female,65-74 years,Total cancers,Rate,2020,913.7721057805